simulated-read-0	-1	ACACACGGAGCTTCTGAATTCTGTGTGCTGCGTAAGCGAGTCCCATGGCGCCGGATCGACGAAGTCCAGCGTCAGGCAGCAGCATATCG	~~~~~~~~~~~~~~~~~~~~~~~~~~~~~~~~~~~~~~~~~~~~~~~~~~~~~~~~~~~~~~~~~~~~~~~~~~~~~~~~~~~~~~~~~
simulated-read-1	-1	TGCCAGGGAGCTTCTGAATTCTGTGTGCTGCCTTCCCGAGTCCCATGGCGCCGGATCGACGACTGACGGCGTCAGGCAGCCGCTCGATA	~~~~~~~~~~~~~~~~~~~~~~~~~~~~~~~~~~~~~~~~~~~~~~~~~~~~~~~~~~~~~~~~~~~~~~~~~~~~~~~~~~~~~~~~~
simulated-read-2	-1	AGTTCTGGAGCTTCTGAATTCTGTGTGCTGACGGATCGAGTCCCATGGCGCCGGATCGACGCTACACTGCGTCAGGCAGCAGCATATCG	~~~~~~~~~~~~~~~~~~~~~~~~~~~~~~~~~~~~~~~~~~~~~~~~~~~~~~~~~~~~~~~~~~~~~~~~~~~~~~~~~~~~~~~~~
simulated-read-3	-1	CGGCACGGAGCTTCTGAATTCTGTGTGCTGGACTGGCGAGTCCCATGGCGCCGGATCGACGTTACGAGGCGTCAGGCAGCAGCATATCG	~~~~~~~~~~~~~~~~~~~~~~~~~~~~~~~~~~~~~~~~~~~~~~~~~~~~~~~~~~~~~~~~~~~~~~~~~~~~~~~~~~~~~~~~~
simulated-read-4	-1	ACGCGAGGAGCTTCTGAATTCTGTGTGCTGTGTTGTCGAGTCCCATGGCGCCGGATCGACGTGAGATAGCGTCAGGCAGCAGCATATCG	~~~~~~~~~~~~~~~~~~~~~~~~~~~~~~~~~~~~~~~~~~~~~~~~~~~~~~~~~~~~~~~~~~~~~~~~~~~~~~~~~~~~~~~~~
simulated-read-5	-1	TATGGAGGAGCTTCTGAATTCTGTGTGCTGTATCTTCGAGTCCCATGGCGCCGGATCGACGTTACAATGCGTCAGGCAGCAGCATATCG	~~~~~~~~~~~~~~~~~~~~~~~~~~~~~~~~~~~~~~~~~~~~~~~~~~~~~~~~~~~~~~~~~~~~~~~~~~~~~~~~~~~~~~~~~
simulated-read-6	-1	AGACTAGGAGCTTCTGAATTCTGTGTGCTGGGAAGGCGAGTCCCATGGCGCCGGATCGACGTAGCCAAGCGTCAGGCAGCCGCTCGATA	~~~~~~~~~~~~~~~~~~~~~~~~~~~~~~~~~~~~~~~~~~~~~~~~~~~~~~~~~~~~~~~~~~~~~~~~~~~~~~~~~~~~~~~~~
simulated-read-7	-1	GACGTGGGAGCTTCTGAATTCTGTGTGCTGCTCCAGCGAGTCCCATGGCGCCGGATCGACGACTCCGAGCGTCAGGCAGCAGCATATCG	~~~~~~~~~~~~~~~~~~~~~~~~~~~~~~~~~~~~~~~~~~~~~~~~~~~~~~~~~~~~~~~~~~~~~~~~~~~~~~~~~~~~~~~~~
simulated-read-8	-1	CAGACTGGAGCTTCTGAATTCTGTGTGCTGACGAACCGAGTCCCATGGCGCCGGATCGACGTATGTCGGCGTCAGGCAGCCGCTCGATA	~~~~~~~~~~~~~~~~~~~~~~~~~~~~~~~~~~~~~~~~~~~~~~~~~~~~~~~~~~~~~~~~~~~~~~~~~~~~~~~~~~~~~~~~~
simulated-read-9	-1	GCCTCAGGAGCTTCTGAATTCTGTGTGCTGACATCCCGAGTCCCATGGCGCCGGATCGACGGTATTCGGCGTCAGGCAGCAGCATATCG	~~~~~~~~~~~~~~~~~~~~~~~~~~~~~~~~~~~~~~~~~~~~~~~~~~~~~~~~~~~~~~~~~~~~~~~~~~~~~~~~~~~~~~~~~
simulated-read-10	-1	ACTGATGGAGCTTCTGAATTCTGTGTGCTGTGAGCACGAGTCCCATGGCGCCGGATCGACGTTGCTAAGCGTCAGGCAGCCGCTCGATA	~~~~~~~~~~~~~~~~~~~~~~~~~~~~~~~~~~~~~~~~~~~~~~~~~~~~~~~~~~~~~~~~~~~~~~~~~~~~~~~~~~~~~~~~~
simulated-read-11	-1	GTGCGAGGAGCTTCTGAATTCTGTGTGCTGTATGTCCGAGTCCCATGGCGCCGGATCGACGCGAGGTGGCGTCAGGCAGCAGCATATCG	~~~~~~~~~~~~~~~~~~~~~~~~~~~~~~~~~~~~~~~~~~~~~~~~~~~~~~~~~~~~~~~~~~~~~~~~~~~~~~~~~~~~~~~~~
simulated-read-12	-1	GCCGCTGGAGCTTCTGAATTCTGTGTGCTGTCCAATCGAGTCCCATGGCGCCGGATCGACGTGATTCTGCGTCAGGCAGCAGCATATCG	~~~~~~~~~~~~~~~~~~~~~~~~~~~~~~~~~~~~~~~~~~~~~~~~~~~~~~~~~~~~~~~~~~~~~~~~~~~~~~~~~~~~~~~~~
simulated-read-13	-1	CGTGCGGGAGCTTCTGAATTCTGTGTGCTGCACAAGCGAGTCCCATGGCGCCGGATCGACGTTCCACAGCGTCAGGCAGCAGCATATCG	~~~~~~~~~~~~~~~~~~~~~~~~~~~~~~~~~~~~~~~~~~~~~~~~~~~~~~~~~~~~~~~~~~~~~~~~~~~~~~~~~~~~~~~~~
simulated-read-14	-1	ACGTTGGGAGCTTCTGAATTCTGTGTGCTGGTAGTACGAGTCCCATGGCGCCGGATCGACGTACGTCAGCGTCAGGCAGCAGCATATCG	~~~~~~~~~~~~~~~~~~~~~~~~~~~~~~~~~~~~~~~~~~~~~~~~~~~~~~~~~~~~~~~~~~~~~~~~~~~~~~~~~~~~~~~~~
simulated-read-15	-1	ATTAGAGGAGCTTCTGAATTCTGTGTGCTGTGCCGTCGAGTCCCATGGCGCCGGATCGACGACTTGCGGCGTCAGGCAGCCGCTCGATA	~~~~~~~~~~~~~~~~~~~~~~~~~~~~~~~~~~~~~~~~~~~~~~~~~~~~~~~~~~~~~~~~~~~~~~~~~~~~~~~~~~~~~~~~~
simulated-read-16	-1	TAATGTGGAGCTTCTGAATTCTGTGTGCTGGCAAGTCGAGTCCCATGGCGCCGGATCGACGACTAACAGCGTCAGGCAGCCGCTCGATA	~~~~~~~~~~~~~~~~~~~~~~~~~~~~~~~~~~~~~~~~~~~~~~~~~~~~~~~~~~~~~~~~~~~~~~~~~~~~~~~~~~~~~~~~~
simulated-read-17	-1	ATTAGAGGAGCTTCTGAATTCTGTGTGCTGGCATAACGAGTCCCATGGCGCCGGATCGACGCGGATGGGCGTCAGGCAGCAGCATATCG	~~~~~~~~~~~~~~~~~~~~~~~~~~~~~~~~~~~~~~~~~~~~~~~~~~~~~~~~~~~~~~~~~~~~~~~~~~~~~~~~~~~~~~~~~
simulated-read-18	-1	TGCGCGGGAGCTTCTGAATTCTGTGTGCTGAACACACGAGTCCCATGGCGCCGGATCGACGGTAACTCGCGTCAGGCAGCCGCTCGATA	~~~~~~~~~~~~~~~~~~~~~~~~~~~~~~~~~~~~~~~~~~~~~~~~~~~~~~~~~~~~~~~~~~~~~~~~~~~~~~~~~~~~~~~~~
simulated-read-19	-1	TGCCAGGGAGCTTCTGAATTCTGTGTGCTGTGGTTCCGAGTCCCATGGCGCCGGATCGACGTCCGTGTGCGTCAGGCAGCCGCTCGATA	~~~~~~~~~~~~~~~~~~~~~~~~~~~~~~~~~~~~~~~~~~~~~~~~~~~~~~~~~~~~~~~~~~~~~~~~~~~~~~~~~~~~~~~~~
simulated-read-20	-1	GTCATAGGAGCTTCTGAATTCTGTGTGCTGTCGATTCGAGTCCCATGGCGCCGGATCGACGGTACTGGGCGTCAGGCAGCCGCTCGATA	~~~~~~~~~~~~~~~~~~~~~~~~~~~~~~~~~~~~~~~~~~~~~~~~~~~~~~~~~~~~~~~~~~~~~~~~~~~~~~~~~~~~~~~~~
simulated-read-21	-1	GCACATGGAGCTTCTGAATTCTGTGTGCTGTATCTTCGAGTCCCATGGCGCCGGATCGACGTAGTAGTGCGTCAGGCAGCAGCATATCG	~~~~~~~~~~~~~~~~~~~~~~~~~~~~~~~~~~~~~~~~~~~~~~~~~~~~~~~~~~~~~~~~~~~~~~~~~~~~~~~~~~~~~~~~~
simulated-read-22	-1	ACACACGGAGCTTCTGAATTCTGTGTGCTGCGCGGACGAGTCCCATGGCGCCGGATCGACGGATGCGGGCGTCAGGCAGCCGCTCGATA	~~~~~~~~~~~~~~~~~~~~~~~~~~~~~~~~~~~~~~~~~~~~~~~~~~~~~~~~~~~~~~~~~~~~~~~~~~~~~~~~~~~~~~~~~
simulated-read-23	-1	GTCCTGGGAGCTTCTGAATTCTGTGTGCTGTTCGCGCGAGTCCCATGGCGCCGGATCGACGTGAGTATGCGTCAGGCAGCCGCTCGATA	~~~~~~~~~~~~~~~~~~~~~~~~~~~~~~~~~~~~~~~~~~~~~~~~~~~~~~~~~~~~~~~~~~~~~~~~~~~~~~~~~~~~~~~~~
simulated-read-24	-1	TGCAGCGGAGCTTCTGAATTCTGTGTGCTGGGCAAGCGAGTCCCATGGCGCCGGATCGACGCCAGTTGGCGTCAGGCAGCCGCTCGATA	~~~~~~~~~~~~~~~~~~~~~~~~~~~~~~~~~~~~~~~~~~~~~~~~~~~~~~~~~~~~~~~~~~~~~~~~~~~~~~~~~~~~~~~~~
simulated-read-25	-1	GAGTGTGGAGCTTCTGAATTCTGTGTGCTGAATTAACGAGTCCCATGGCGCCGGATCGACGCTGTTAGGCGTCAGGCAGCAGCATATCG	~~~~~~~~~~~~~~~~~~~~~~~~~~~~~~~~~~~~~~~~~~~~~~~~~~~~~~~~~~~~~~~~~~~~~~~~~~~~~~~~~~~~~~~~~
simulated-read-26	-1	GACGTGGGAGCTTCTGAATTCTGTGTGCTGATAACGCGAGTCCCATGGCGCCGGATCGACGTAGGAACGCGTCAGGCAGCAGCATATCG	~~~~~~~~~~~~~~~~~~~~~~~~~~~~~~~~~~~~~~~~~~~~~~~~~~~~~~~~~~~~~~~~~~~~~~~~~~~~~~~~~~~~~~~~~
simulated-read-27	-1	GCCTCAGGAGCTTCTGAATTCTGTGTGCTGGATTCTCGAGTCCCATGGCGCCGGATCGACGCATTGTTGCGTCAGGCAGCAGCATATCG	~~~~~~~~~~~~~~~~~~~~~~~~~~~~~~~~~~~~~~~~~~~~~~~~~~~~~~~~~~~~~~~~~~~~~~~~~~~~~~~~~~~~~~~~~
simulated-read-28	-1	GTGATTGGAGCTTCTGAATTCTGTGTGCTGGCCTCGCGAGTCCCATGGCGCCGGATCGACGCGCTGTAGCGTCAGGCAGCAGCATATCG	~~~~~~~~~~~~~~~~~~~~~~~~~~~~~~~~~~~~~~~~~~~~~~~~~~~~~~~~~~~~~~~~~~~~~~~~~~~~~~~~~~~~~~~~~
simulated-read-29	-1	CAGACTGGAGCTTCTGAATTCTGTGTGCTGAAGGTCCGAGTCCCATGGCGCCGGATCGACGTCTAGCTGCGTCAGGCAGCCGCTCGATA	~~~~~~~~~~~~~~~~~~~~~~~~~~~~~~~~~~~~~~~~~~~~~~~~~~~~~~~~~~~~~~~~~~~~~~~~~~~~~~~~~~~~~~~~~
simulated-read-30	-1	GAAGATGGAGCTTCTGAATTCTGTGTGCTGCTTGCACGAGTCCCATGGCGCCGGATCGACGAGCTCTTGCGTCAGGCAGCAGCATATCG	~~~~~~~~~~~~~~~~~~~~~~~~~~~~~~~~~~~~~~~~~~~~~~~~~~~~~~~~~~~~~~~~~~~~~~~~~~~~~~~~~~~~~~~~~
simulated-read-31	-1	CAGCAGGGAGCTTCTGAATTCTGTGTGCTGGCGCCACGAGTCCCATGGCGCCGGATCGACGCAATCGAGCGTCAGGCAGCCGCTCGATA	~~~~~~~~~~~~~~~~~~~~~~~~~~~~~~~~~~~~~~~~~~~~~~~~~~~~~~~~~~~~~~~~~~~~~~~~~~~~~~~~~~~~~~~~~
simulated-read-32	-1	TCGATTGGAGCTTCTGAATTCTGTGTGCTGAAGAGACGAGTCCCATGGCGCCGGATCGACGGTGATGGGCGTCAGGCAGCCGCTCGATA	~~~~~~~~~~~~~~~~~~~~~~~~~~~~~~~~~~~~~~~~~~~~~~~~~~~~~~~~~~~~~~~~~~~~~~~~~~~~~~~~~~~~~~~~~
simulated-read-33	-1	CTCCGCGGAGCTTCTGAATTCTGTGTGCTGGTAATGCGAGTCCCATGGCGCCGGATCGACGTCGTCTCGCGTCAGGCAGCAGCATATCG	~~~~~~~~~~~~~~~~~~~~~~~~~~~~~~~~~~~~~~~~~~~~~~~~~~~~~~~~~~~~~~~~~~~~~~~~~~~~~~~~~~~~~~~~~
simulated-read-34	-1	ATGAGGGGAGCTTCTGAATTCTGTGTGCTGGGTACGCGAGTCCCATGGCGCCGGATCGACGGTACGCAGCGTCAGGCAGCAGCATATCG	~~~~~~~~~~~~~~~~~~~~~~~~~~~~~~~~~~~~~~~~~~~~~~~~~~~~~~~~~~~~~~~~~~~~~~~~~~~~~~~~~~~~~~~~~
simulated-read-35	-1	CAGACTGGAGCTTCTGAATTCTGTGTGCTGTATAGACGAGTCCCATGGCGCCGGATCGACGCCGAGGAGCGTCAGGCAGCCGCTCGATA	~~~~~~~~~~~~~~~~~~~~~~~~~~~~~~~~~~~~~~~~~~~~~~~~~~~~~~~~~~~~~~~~~~~~~~~~~~~~~~~~~~~~~~~~~
simulated-read-36	-1	CGTATAGGAGCTTCTGAATTCTGTGTGCTGCATTACCGAGTCCCATGGCGCCGGATCGACGTCAAGTTGCGTCAGGCAGCAGCATATCG	~~~~~~~~~~~~~~~~~~~~~~~~~~~~~~~~~~~~~~~~~~~~~~~~~~~~~~~~~~~~~~~~~~~~~~~~~~~~~~~~~~~~~~~~~
simulated-read-37	-1	CGTATAGGAGCTTCTGAATTCTGTGTGCTGAATCAGCGAGTCCCATGGCGCCGGATCGACGTCATGACGCGTCAGGCAGCAGCATATCG	~~~~~~~~~~~~~~~~~~~~~~~~~~~~~~~~~~~~~~~~~~~~~~~~~~~~~~~~~~~~~~~~~~~~~~~~~~~~~~~~~~~~~~~~~
simulated-read-38	-1	CCATAAGGAGCTTCTGAATTCTGTGTGCTGTTACAACGAGTCCCATGGCGCCGGATCGACGTGTTGCTGCGTCAGGCAGCCGCTCGATA	~~~~~~~~~~~~~~~~~~~~~~~~~~~~~~~~~~~~~~~~~~~~~~~~~~~~~~~~~~~~~~~~~~~~~~~~~~~~~~~~~~~~~~~~~
simulated-read-39	-1	GAGAAGGGAGCTTCTGAATTCTGTGTGCTGGATGATCGAGTCCCATGGCGCCGGATCGACGACTGACGGCGTCAGGCAGCAGCATATCG	~~~~~~~~~~~~~~~~~~~~~~~~~~~~~~~~~~~~~~~~~~~~~~~~~~~~~~~~~~~~~~~~~~~~~~~~~~~~~~~~~~~~~~~~~
simulated-read-40	-1	AATCAGGGAGCTTCTGAATTCTGTGTGCTGCTCAATCGAGTCCCATGGCGCCGGATCGACGTGGCAATGCGTCAGGCAGCCGCTCGATA	~~~~~~~~~~~~~~~~~~~~~~~~~~~~~~~~~~~~~~~~~~~~~~~~~~~~~~~~~~~~~~~~~~~~~~~~~~~~~~~~~~~~~~~~~
simulated-read-41	-1	TTAATAGGAGCTTCTGAATTCTGTGTGCTGAGCGGTCGAGTCCCATGGCGCCGGATCGACGTGTCGTTGCGTCAGGCAGCCGCTCGATA	~~~~~~~~~~~~~~~~~~~~~~~~~~~~~~~~~~~~~~~~~~~~~~~~~~~~~~~~~~~~~~~~~~~~~~~~~~~~~~~~~~~~~~~~~
simulated-read-42	-1	GAAGATGGAGCTTCTGAATTCTGTGTGCTGGAGTGTCGAGTCCCATGGCGCCGGATCGACGAGGATGCGCGTCAGGCAGCCGCTCGATA	~~~~~~~~~~~~~~~~~~~~~~~~~~~~~~~~~~~~~~~~~~~~~~~~~~~~~~~~~~~~~~~~~~~~~~~~~~~~~~~~~~~~~~~~~
simulated-read-43	-1	ACACGGGGAGCTTCTGAATTCTGTGTGCTGGACGCACGAGTCCCATGGCGCCGGATCGACGGCCAAGAGCGTCAGGCAGCAGCATATCG	~~~~~~~~~~~~~~~~~~~~~~~~~~~~~~~~~~~~~~~~~~~~~~~~~~~~~~~~~~~~~~~~~~~~~~~~~~~~~~~~~~~~~~~~~
simulated-read-44	-1	TCTGTAGGAGCTTCTGAATTCTGTGTGCTGAGTTCACGAGTCCCATGGCGCCGGATCGACGGATGAGCGCGTCAGGCAGCCGCTCGATA	~~~~~~~~~~~~~~~~~~~~~~~~~~~~~~~~~~~~~~~~~~~~~~~~~~~~~~~~~~~~~~~~~~~~~~~~~~~~~~~~~~~~~~~~~
simulated-read-45	-1	GAGAAGGGAGCTTCTGAATTCTGTGTGCTGAACTCGCGAGTCCCATGGCGCCGGATCGACGTAGACGAGCGTCAGGCAGCCGCTCGATA	~~~~~~~~~~~~~~~~~~~~~~~~~~~~~~~~~~~~~~~~~~~~~~~~~~~~~~~~~~~~~~~~~~~~~~~~~~~~~~~~~~~~~~~~~
simulated-read-46	-1	GCACATGGAGCTTCTGAATTCTGTGTGCTGTATTATCGAGTCCCATGGCGCCGGATCGACGAACCGATGCGTCAGGCAGCCGCTCGATA	~~~~~~~~~~~~~~~~~~~~~~~~~~~~~~~~~~~~~~~~~~~~~~~~~~~~~~~~~~~~~~~~~~~~~~~~~~~~~~~~~~~~~~~~~
simulated-read-47	-1	CTCGATGGAGCTTCTGAATTCTGTGTGCTGTCTGTTCGAGTCCCATGGCGCCGGATCGACGCGAGAGCGCGTCAGGCAGCCGCTCGATA	~~~~~~~~~~~~~~~~~~~~~~~~~~~~~~~~~~~~~~~~~~~~~~~~~~~~~~~~~~~~~~~~~~~~~~~~~~~~~~~~~~~~~~~~~
simulated-read-48	-1	ACTGTGGGAGCTTCTGAATTCTGTGTGCTGCGCGAGCGAGTCCCATGGCGCCGGATCGACGTCTAATCGCGTCAGGCAGCAGCATATCG	~~~~~~~~~~~~~~~~~~~~~~~~~~~~~~~~~~~~~~~~~~~~~~~~~~~~~~~~~~~~~~~~~~~~~~~~~~~~~~~~~~~~~~~~~
simulated-read-49	-1	TACTCAGGAGCTTCTGAATTCTGTGTGCTGATACCTCGAGTCCCATGGCGCCGGATCGACGCAACGTTGCGTCAGGCAGCCGCTCGATA	~~~~~~~~~~~~~~~~~~~~~~~~~~~~~~~~~~~~~~~~~~~~~~~~~~~~~~~~~~~~~~~~~~~~~~~~~~~~~~~~~~~~~~~~~
simulated-read-50	-1	GTAACGGGAGCTTCTGAATTCTGTGTGCTGTTCGGCCGAGTCCCATGGCGCCGGATCGACGAACCGATGCGTCAGGCAGCAGCATATCG	~~~~~~~~~~~~~~~~~~~~~~~~~~~~~~~~~~~~~~~~~~~~~~~~~~~~~~~~~~~~~~~~~~~~~~~~~~~~~~~~~~~~~~~~~
simulated-read-51	-1	GCTCGCGGAGCTTCTGAATTCTGTGTGCTGAGCACGCGAGTCCCATGGCGCCGGATCGACGCGTGAAGGCGTCAGGCAGCAGCATATCG	~~~~~~~~~~~~~~~~~~~~~~~~~~~~~~~~~~~~~~~~~~~~~~~~~~~~~~~~~~~~~~~~~~~~~~~~~~~~~~~~~~~~~~~~~
simulated-read-52	-1	TAGATGGGAGCTTCTGAATTCTGTGTGCTGATTACACGAGTCCCATGGCGCCGGATCGACGAGCTCTTGCGTCAGGCAGCAGCATATCG	~~~~~~~~~~~~~~~~~~~~~~~~~~~~~~~~~~~~~~~~~~~~~~~~~~~~~~~~~~~~~~~~~~~~~~~~~~~~~~~~~~~~~~~~~
simulated-read-53	-1	GCGCACGGAGCTTCTGAATTCTGTGTGCTGTTGTCTCGAGTCCCATGGCGCCGGATCGACGACTGCTCGCGTCAGGCAGCCGCTCGATA	~~~~~~~~~~~~~~~~~~~~~~~~~~~~~~~~~~~~~~~~~~~~~~~~~~~~~~~~~~~~~~~~~~~~~~~~~~~~~~~~~~~~~~~~~
simulated-read-54	-1	GTGATTGGAGCTTCTGAATTCTGTGTGCTGAGCAGCCGAGTCCCATGGCGCCGGATCGACGCAACGAGGCGTCAGGCAGCAGCATATCG	~~~~~~~~~~~~~~~~~~~~~~~~~~~~~~~~~~~~~~~~~~~~~~~~~~~~~~~~~~~~~~~~~~~~~~~~~~~~~~~~~~~~~~~~~
simulated-read-55	-1	CATCTAGGAGCTTCTGAATTCTGTGTGCTGGCAATACGAGTCCCATGGCGCCGGATCGACGATATTGAGCGTCAGGCAGCCGCTCGATA	~~~~~~~~~~~~~~~~~~~~~~~~~~~~~~~~~~~~~~~~~~~~~~~~~~~~~~~~~~~~~~~~~~~~~~~~~~~~~~~~~~~~~~~~~
simulated-read-56	-1	GTGCGAGGAGCTTCTGAATTCTGTGTGCTGGCAATACGAGTCCCATGGCGCCGGATCGACGTCTTCAGGCGTCAGGCAGCCGCTCGATA	~~~~~~~~~~~~~~~~~~~~~~~~~~~~~~~~~~~~~~~~~~~~~~~~~~~~~~~~~~~~~~~~~~~~~~~~~~~~~~~~~~~~~~~~~
simulated-read-57	-1	ATGTTAGGAGCTTCTGAATTCTGTGTGCTGGTCAGTCGAGTCCCATGGCGCCGGATCGACGTATGGAGGCGTCAGGCAGCCGCTCGATA	~~~~~~~~~~~~~~~~~~~~~~~~~~~~~~~~~~~~~~~~~~~~~~~~~~~~~~~~~~~~~~~~~~~~~~~~~~~~~~~~~~~~~~~~~
simulated-read-58	-1	ACGCGAGGAGCTTCTGAATTCTGTGTGCTGTTGATCCGAGTCCCATGGCGCCGGATCGACGCACGTGTGCGTCAGGCAGCCGCTCGATA	~~~~~~~~~~~~~~~~~~~~~~~~~~~~~~~~~~~~~~~~~~~~~~~~~~~~~~~~~~~~~~~~~~~~~~~~~~~~~~~~~~~~~~~~~
simulated-read-59	-1	CTACAAGGAGCTTCTGAATTCTGTGTGCTGGAACACCGAGTCCCATGGCGCCGGATCGACGACCAGGCGCGTCAGGCAGCAGCATATCG	~~~~~~~~~~~~~~~~~~~~~~~~~~~~~~~~~~~~~~~~~~~~~~~~~~~~~~~~~~~~~~~~~~~~~~~~~~~~~~~~~~~~~~~~~
simulated-read-60	-1	CTAAGTGGAGCTTCTGAATTCTGTGTGCTGGCGACCCGAGTCCCATGGCGCCGGATCGACGGCTCCTTGCGTCAGGCAGCCGCTCGATA	~~~~~~~~~~~~~~~~~~~~~~~~~~~~~~~~~~~~~~~~~~~~~~~~~~~~~~~~~~~~~~~~~~~~~~~~~~~~~~~~~~~~~~~~~
simulated-read-61	-1	TGGCGTGGAGCTTCTGAATTCTGTGTGCTGATCCGGCGAGTCCCATGGCGCCGGATCGACGGACCAGCGCGTCAGGCAGCCGCTCGATA	~~~~~~~~~~~~~~~~~~~~~~~~~~~~~~~~~~~~~~~~~~~~~~~~~~~~~~~~~~~~~~~~~~~~~~~~~~~~~~~~~~~~~~~~~
simulated-read-62	-1	GTGAGAGGAGCTTCTGAATTCTGTGTGCTGAACACACGAGTCCCATGGCGCCGGATCGACGCGTGATTGCGTCAGGCAGCAGCATATCG	~~~~~~~~~~~~~~~~~~~~~~~~~~~~~~~~~~~~~~~~~~~~~~~~~~~~~~~~~~~~~~~~~~~~~~~~~~~~~~~~~~~~~~~~~
simulated-read-63	-1	TTGTGGGGAGCTTCTGAATTCTGTGTGCTGGCTAAGCGAGTCCCATGGCGCCGGATCGACGGCTACCAGCGTCAGGCAGCAGCATATCG	~~~~~~~~~~~~~~~~~~~~~~~~~~~~~~~~~~~~~~~~~~~~~~~~~~~~~~~~~~~~~~~~~~~~~~~~~~~~~~~~~~~~~~~~~
simulated-read-64	-1	GAGTGTGGAGCTTCTGAATTCTGTGTGCTGGGTACGCGAGTCCCATGGCGCCGGATCGACGTGAGATAGCGTCAGGCAGCAGCATATCG	~~~~~~~~~~~~~~~~~~~~~~~~~~~~~~~~~~~~~~~~~~~~~~~~~~~~~~~~~~~~~~~~~~~~~~~~~~~~~~~~~~~~~~~~~
simulated-read-65	-1	CGTGCGGGAGCTTCTGAATTCTGTGTGCTGCCGAGCCGAGTCCCATGGCGCCGGATCGACGTTGTCTTGCGTCAGGCAGCCGCTCGATA	~~~~~~~~~~~~~~~~~~~~~~~~~~~~~~~~~~~~~~~~~~~~~~~~~~~~~~~~~~~~~~~~~~~~~~~~~~~~~~~~~~~~~~~~~
simulated-read-66	-1	TGCAGCGGAGCTTCTGAATTCTGTGTGCTGGTGCAGCGAGTCCCATGGCGCCGGATCGACGCCAGACTGCGTCAGGCAGCCGCTCGATA	~~~~~~~~~~~~~~~~~~~~~~~~~~~~~~~~~~~~~~~~~~~~~~~~~~~~~~~~~~~~~~~~~~~~~~~~~~~~~~~~~~~~~~~~~
simulated-read-67	-1	ACGCGAGGAGCTTCTGAATTCTGTGTGCTGCCTAACCGAGTCCCATGGCGCCGGATCGACGTACGCATGCGTCAGGCAGCCGCTCGATA	~~~~~~~~~~~~~~~~~~~~~~~~~~~~~~~~~~~~~~~~~~~~~~~~~~~~~~~~~~~~~~~~~~~~~~~~~~~~~~~~~~~~~~~~~
simulated-read-68	-1	ACATGTGGAGCTTCTGAATTCTGTGTGCTGGCTCAACGAGTCCCATGGCGCCGGATCGACGTCGGTGCGCGTCAGGCAGCAGCATATCG	~~~~~~~~~~~~~~~~~~~~~~~~~~~~~~~~~~~~~~~~~~~~~~~~~~~~~~~~~~~~~~~~~~~~~~~~~~~~~~~~~~~~~~~~~
simulated-read-69	-1	ACTGTGGGAGCTTCTGAATTCTGTGTGCTGACACCGCGAGTCCCATGGCGCCGGATCGACGCAACAACGCGTCAGGCAGCCGCTCGATA	~~~~~~~~~~~~~~~~~~~~~~~~~~~~~~~~~~~~~~~~~~~~~~~~~~~~~~~~~~~~~~~~~~~~~~~~~~~~~~~~~~~~~~~~~
simulated-read-70	-1	GTCATAGGAGCTTCTGAATTCTGTGTGCTGGCTTCACGAGTCCCATGGCGCCGGATCGACGACAGGAAGCGTCAGGCAGCAGCATATCG	~~~~~~~~~~~~~~~~~~~~~~~~~~~~~~~~~~~~~~~~~~~~~~~~~~~~~~~~~~~~~~~~~~~~~~~~~~~~~~~~~~~~~~~~~
simulated-read-71	-1	AATGGTGGAGCTTCTGAATTCTGTGTGCTGGAAGCCCGAGTCCCATGGCGCCGGATCGACGGATAAGTGCGTCAGGCAGCCGCTCGATA	~~~~~~~~~~~~~~~~~~~~~~~~~~~~~~~~~~~~~~~~~~~~~~~~~~~~~~~~~~~~~~~~~~~~~~~~~~~~~~~~~~~~~~~~~
simulated-read-72	-1	GCTCGCGGAGCTTCTGAATTCTGTGTGCTGCGGCTTCGAGTCCCATGGCGCCGGATCGACGTCAAGTTGCGTCAGGCAGCCGCTCGATA	~~~~~~~~~~~~~~~~~~~~~~~~~~~~~~~~~~~~~~~~~~~~~~~~~~~~~~~~~~~~~~~~~~~~~~~~~~~~~~~~~~~~~~~~~
simulated-read-73	-1	TATCACGGAGCTTCTGAATTCTGTGTGCTGTCCACGCGAGTCCCATGGCGCCGGATCGACGGTAGGAAGCGTCAGGCAGCCGCTCGATA	~~~~~~~~~~~~~~~~~~~~~~~~~~~~~~~~~~~~~~~~~~~~~~~~~~~~~~~~~~~~~~~~~~~~~~~~~~~~~~~~~~~~~~~~~
simulated-read-74	-1	GTTAGCGGAGCTTCTGAATTCTGTGTGCTGGGTGCCCGAGTCCCATGGCGCCGGATCGACGCGGTCCAGCGTCAGGCAGCCGCTCGATA	~~~~~~~~~~~~~~~~~~~~~~~~~~~~~~~~~~~~~~~~~~~~~~~~~~~~~~~~~~~~~~~~~~~~~~~~~~~~~~~~~~~~~~~~~
simulated-read-75	-1	CAGCAGGGAGCTTCTGAATTCTGTGTGCTGCCGAGCCGAGTCCCATGGCGCCGGATCGACGTGGAAGCGCGTCAGGCAGCAGCATATCG	~~~~~~~~~~~~~~~~~~~~~~~~~~~~~~~~~~~~~~~~~~~~~~~~~~~~~~~~~~~~~~~~~~~~~~~~~~~~~~~~~~~~~~~~~
simulated-read-76	-1	CGTATAGGAGCTTCTGAATTCTGTGTGCTGACACCGCGAGTCCCATGGCGCCGGATCGACGCCTCAATGCGTCAGGCAGCCGCTCGATA	~~~~~~~~~~~~~~~~~~~~~~~~~~~~~~~~~~~~~~~~~~~~~~~~~~~~~~~~~~~~~~~~~~~~~~~~~~~~~~~~~~~~~~~~~
simulated-read-77	-1	TCTACTGGAGCTTCTGAATTCTGTGTGCTGTACCATCGAGTCCCATGGCGCCGGATCGACGGTACGCAGCGTCAGGCAGCAGCATATCG	~~~~~~~~~~~~~~~~~~~~~~~~~~~~~~~~~~~~~~~~~~~~~~~~~~~~~~~~~~~~~~~~~~~~~~~~~~~~~~~~~~~~~~~~~
simulated-read-78	-1	ATGTTAGGAGCTTCTGAATTCTGTGTGCTGATATTGCGAGTCCCATGGCGCCGGATCGACGTAGGTGGGCGTCAGGCAGCAGCATATCG	~~~~~~~~~~~~~~~~~~~~~~~~~~~~~~~~~~~~~~~~~~~~~~~~~~~~~~~~~~~~~~~~~~~~~~~~~~~~~~~~~~~~~~~~~
simulated-read-79	-1	GTAACGGGAGCTTCTGAATTCTGTGTGCTGTCACATCGAGTCCCATGGCGCCGGATCGACGCGGATTAGCGTCAGGCAGCAGCATATCG	~~~~~~~~~~~~~~~~~~~~~~~~~~~~~~~~~~~~~~~~~~~~~~~~~~~~~~~~~~~~~~~~~~~~~~~~~~~~~~~~~~~~~~~~~
simulated-read-80	-1	GTGCGAGGAGCTTCTGAATTCTGTGTGCTGCATGGACGAGTCCCATGGCGCCGGATCGACGCCTCAATGCGTCAGGCAGCAGCATATCG	~~~~~~~~~~~~~~~~~~~~~~~~~~~~~~~~~~~~~~~~~~~~~~~~~~~~~~~~~~~~~~~~~~~~~~~~~~~~~~~~~~~~~~~~~
simulated-read-81	-1	TGAACGGGAGCTTCTGAATTCTGTGTGCTGAGGTACCGAGTCCCATGGCGCCGGATCGACGAGCATCTGCGTCAGGCAGCCGCTCGATA	~~~~~~~~~~~~~~~~~~~~~~~~~~~~~~~~~~~~~~~~~~~~~~~~~~~~~~~~~~~~~~~~~~~~~~~~~~~~~~~~~~~~~~~~~
simulated-read-82	-1	GCACGAGGAGCTTCTGAATTCTGTGTGCTGCTTCTTCGAGTCCCATGGCGCCGGATCGACGATGTAGCGCGTCAGGCAGCAGCATATCG	~~~~~~~~~~~~~~~~~~~~~~~~~~~~~~~~~~~~~~~~~~~~~~~~~~~~~~~~~~~~~~~~~~~~~~~~~~~~~~~~~~~~~~~~~
simulated-read-83	-1	CGTATAGGAGCTTCTGAATTCTGTGTGCTGTGATCCCGAGTCCCATGGCGCCGGATCGACGAATTCCGGCGTCAGGCAGCAGCATATCG	~~~~~~~~~~~~~~~~~~~~~~~~~~~~~~~~~~~~~~~~~~~~~~~~~~~~~~~~~~~~~~~~~~~~~~~~~~~~~~~~~~~~~~~~~
simulated-read-84	-1	GAGAAGGGAGCTTCTGAATTCTGTGTGCTGACGACGCGAGTCCCATGGCGCCGGATCGACGGTGCCGAGCGTCAGGCAGCAGCATATCG	~~~~~~~~~~~~~~~~~~~~~~~~~~~~~~~~~~~~~~~~~~~~~~~~~~~~~~~~~~~~~~~~~~~~~~~~~~~~~~~~~~~~~~~~~
simulated-read-85	-1	GCACGAGGAGCTTCTGAATTCTGTGTGCTGAGGTGACGAGTCCCATGGCGCCGGATCGACGGATCGGCGCGTCAGGCAGCCGCTCGATA	~~~~~~~~~~~~~~~~~~~~~~~~~~~~~~~~~~~~~~~~~~~~~~~~~~~~~~~~~~~~~~~~~~~~~~~~~~~~~~~~~~~~~~~~~
simulated-read-86	-1	TCGTCAGGAGCTTCTGAATTCTGTGTGCTGCACTCACGAGTCCCATGGCGCCGGATCGACGTAGGTCTGCGTCAGGCAGCCGCTCGATA	~~~~~~~~~~~~~~~~~~~~~~~~~~~~~~~~~~~~~~~~~~~~~~~~~~~~~~~~~~~~~~~~~~~~~~~~~~~~~~~~~~~~~~~~~
simulated-read-87	-1	CCAATCGGAGCTTCTGAATTCTGTGTGCTGGGTGTACGAGTCCCATGGCGCCGGATCGACGGTACGCAGCGTCAGGCAGCCGCTCGATA	~~~~~~~~~~~~~~~~~~~~~~~~~~~~~~~~~~~~~~~~~~~~~~~~~~~~~~~~~~~~~~~~~~~~~~~~~~~~~~~~~~~~~~~~~
simulated-read-88	-1	TGGCGTGGAGCTTCTGAATTCTGTGTGCTGCCTCCTCGAGTCCCATGGCGCCGGATCGACGGTTACCTGCGTCAGGCAGCAGCATATCG	~~~~~~~~~~~~~~~~~~~~~~~~~~~~~~~~~~~~~~~~~~~~~~~~~~~~~~~~~~~~~~~~~~~~~~~~~~~~~~~~~~~~~~~~~
simulated-read-89	-1	CTCGATGGAGCTTCTGAATTCTGTGTGCTGGATTCTCGAGTCCCATGGCGCCGGATCGACGAGATATTGCGTCAGGCAGCAGCATATCG	~~~~~~~~~~~~~~~~~~~~~~~~~~~~~~~~~~~~~~~~~~~~~~~~~~~~~~~~~~~~~~~~~~~~~~~~~~~~~~~~~~~~~~~~~
simulated-read-90	-1	ACGTTGGGAGCTTCTGAATTCTGTGTGCTGTAACTCCGAGTCCCATGGCGCCGGATCGACGACCACTCGCGTCAGGCAGCAGCATATCG	~~~~~~~~~~~~~~~~~~~~~~~~~~~~~~~~~~~~~~~~~~~~~~~~~~~~~~~~~~~~~~~~~~~~~~~~~~~~~~~~~~~~~~~~~
simulated-read-91	-1	TGAGGCGGAGCTTCTGAATTCTGTGTGCTGCCAAGACGAGTCCCATGGCGCCGGATCGACGCATAGAGGCGTCAGGCAGCCGCTCGATA	~~~~~~~~~~~~~~~~~~~~~~~~~~~~~~~~~~~~~~~~~~~~~~~~~~~~~~~~~~~~~~~~~~~~~~~~~~~~~~~~~~~~~~~~~
simulated-read-92	-1	GCCTCAGGAGCTTCTGAATTCTGTGTGCTGGCGTCTCGAGTCCCATGGCGCCGGATCGACGAATTCCGGCGTCAGGCAGCCGCTCGATA	~~~~~~~~~~~~~~~~~~~~~~~~~~~~~~~~~~~~~~~~~~~~~~~~~~~~~~~~~~~~~~~~~~~~~~~~~~~~~~~~~~~~~~~~~
simulated-read-93	-1	TTGCTTGGAGCTTCTGAATTCTGTGTGCTGATGGTACGAGTCCCATGGCGCCGGATCGACGCGTTCAGGCGTCAGGCAGCCGCTCGATA	~~~~~~~~~~~~~~~~~~~~~~~~~~~~~~~~~~~~~~~~~~~~~~~~~~~~~~~~~~~~~~~~~~~~~~~~~~~~~~~~~~~~~~~~~
simulated-read-94	-1	CGTATAGGAGCTTCTGAATTCTGTGTGCTGTCACGCCGAGTCCCATGGCGCCGGATCGACGGATAACGGCGTCAGGCAGCAGCATATCG	~~~~~~~~~~~~~~~~~~~~~~~~~~~~~~~~~~~~~~~~~~~~~~~~~~~~~~~~~~~~~~~~~~~~~~~~~~~~~~~~~~~~~~~~~
simulated-read-95	-1	CTGTACGGAGCTTCTGAATTCTGTGTGCTGAGAGCGCGAGTCCCATGGCGCCGGATCGACGTAACGATGCGTCAGGCAGCAGCATATCG	~~~~~~~~~~~~~~~~~~~~~~~~~~~~~~~~~~~~~~~~~~~~~~~~~~~~~~~~~~~~~~~~~~~~~~~~~~~~~~~~~~~~~~~~~
simulated-read-96	-1	ACGCGAGGAGCTTCTGAATTCTGTGTGCTGTGTCACCGAGTCCCATGGCGCCGGATCGACGGTCGAGCGCGTCAGGCAGCCGCTCGATA	~~~~~~~~~~~~~~~~~~~~~~~~~~~~~~~~~~~~~~~~~~~~~~~~~~~~~~~~~~~~~~~~~~~~~~~~~~~~~~~~~~~~~~~~~
simulated-read-97	-1	CTCCTAGGAGCTTCTGAATTCTGTGTGCTGTCGTATCGAGTCCCATGGCGCCGGATCGACGCTTAAGCGCGTCAGGCAGCAGCATATCG	~~~~~~~~~~~~~~~~~~~~~~~~~~~~~~~~~~~~~~~~~~~~~~~~~~~~~~~~~~~~~~~~~~~~~~~~~~~~~~~~~~~~~~~~~
simulated-read-98	-1	GCACATGGAGCTTCTGAATTCTGTGTGCTGTGGAACCGAGTCCCATGGCGCCGGATCGACGAATTCCGGCGTCAGGCAGCAGCATATCG	~~~~~~~~~~~~~~~~~~~~~~~~~~~~~~~~~~~~~~~~~~~~~~~~~~~~~~~~~~~~~~~~~~~~~~~~~~~~~~~~~~~~~~~~~
simulated-read-99	5	0	89		GCGCACGGAGCTTCTGAATTCTGTGTGCTGGCAGCACGAGTCCCATGGCGCCGGATCGACGTGTATGTGCGTCAGGCAGCCGCTCGATA		1		~~~~~~~~~~~~~~~~~~~~~~~~~~~~~~~~~~~~~~~~~~~~~~~~~~~~~~~~~~~~~~~~~~~~~~~~~~~~~~~~~~~~~~~~~		
