simulated-read-0	0	80	89	ACACACGGAGCTTCTGAATTCTGTGTGCTGCGTAAGCGAGTCCCATGGCGCCGGATCGACGAAGTCCAGCGTCAGGCAGC	AGCATATCG		1	~~~~~~~~~~~~~~~~~~~~~~~~~~~~~~~~~~~~~~~~~~~~~~~~~~~~~~~~~~~~~~~~~~~~~~~~~~~~~~~~	~~~~~~~~~		
simulated-read-1	-1	TGCCAGGGAGCTTCTGAATTCTGTGTGCTGCCTTCCCGAGTCCCATGGCGCCGGATCGACGACTGACGGCGTCAGGCAGCCGCTCGATA	~~~~~~~~~~~~~~~~~~~~~~~~~~~~~~~~~~~~~~~~~~~~~~~~~~~~~~~~~~~~~~~~~~~~~~~~~~~~~~~~~~~~~~~~~
simulated-read-2	0	80	89	AGTTCTGGAGCTTCTGAATTCTGTGTGCTGACGGATCGAGTCCCATGGCGCCGGATCGACGCTACACTGCGTCAGGCAGC	AGCATATCG		1	~~~~~~~~~~~~~~~~~~~~~~~~~~~~~~~~~~~~~~~~~~~~~~~~~~~~~~~~~~~~~~~~~~~~~~~~~~~~~~~~	~~~~~~~~~		
simulated-read-3	0	80	89	CGGCACGGAGCTTCTGAATTCTGTGTGCTGGACTGGCGAGTCCCATGGCGCCGGATCGACGTTACGAGGCGTCAGGCAGC	AGCATATCG		1	~~~~~~~~~~~~~~~~~~~~~~~~~~~~~~~~~~~~~~~~~~~~~~~~~~~~~~~~~~~~~~~~~~~~~~~~~~~~~~~~	~~~~~~~~~		
simulated-read-4	0	80	89	ACGCGAGGAGCTTCTGAATTCTGTGTGCTGTGTTGTCGAGTCCCATGGCGCCGGATCGACGTGAGATAGCGTCAGGCAGC	AGCATATCG		1	~~~~~~~~~~~~~~~~~~~~~~~~~~~~~~~~~~~~~~~~~~~~~~~~~~~~~~~~~~~~~~~~~~~~~~~~~~~~~~~~	~~~~~~~~~		
simulated-read-5	0	80	89	TATGGAGGAGCTTCTGAATTCTGTGTGCTGTATCTTCGAGTCCCATGGCGCCGGATCGACGTTACAATGCGTCAGGCAGC	AGCATATCG		1	~~~~~~~~~~~~~~~~~~~~~~~~~~~~~~~~~~~~~~~~~~~~~~~~~~~~~~~~~~~~~~~~~~~~~~~~~~~~~~~~	~~~~~~~~~		
simulated-read-6	-1	AGACTAGGAGCTTCTGAATTCTGTGTGCTGGGAAGGCGAGTCCCATGGCGCCGGATCGACGTAGCCAAGCGTCAGGCAGCCGCTCGATA	~~~~~~~~~~~~~~~~~~~~~~~~~~~~~~~~~~~~~~~~~~~~~~~~~~~~~~~~~~~~~~~~~~~~~~~~~~~~~~~~~~~~~~~~~
simulated-read-7	0	80	89	GACGTGGGAGCTTCTGAATTCTGTGTGCTGCTCCAGCGAGTCCCATGGCGCCGGATCGACGACTCCGAGCGTCAGGCAGC	AGCATATCG		1	~~~~~~~~~~~~~~~~~~~~~~~~~~~~~~~~~~~~~~~~~~~~~~~~~~~~~~~~~~~~~~~~~~~~~~~~~~~~~~~~	~~~~~~~~~		
simulated-read-8	-1	CAGACTGGAGCTTCTGAATTCTGTGTGCTGACGAACCGAGTCCCATGGCGCCGGATCGACGTATGTCGGCGTCAGGCAGCCGCTCGATA	~~~~~~~~~~~~~~~~~~~~~~~~~~~~~~~~~~~~~~~~~~~~~~~~~~~~~~~~~~~~~~~~~~~~~~~~~~~~~~~~~~~~~~~~~
simulated-read-9	0	80	89	GCCTCAGGAGCTTCTGAATTCTGTGTGCTGACATCCCGAGTCCCATGGCGCCGGATCGACGGTATTCGGCGTCAGGCAGC	AGCATATCG		1	~~~~~~~~~~~~~~~~~~~~~~~~~~~~~~~~~~~~~~~~~~~~~~~~~~~~~~~~~~~~~~~~~~~~~~~~~~~~~~~~	~~~~~~~~~		
simulated-read-10	-1	ACTGATGGAGCTTCTGAATTCTGTGTGCTGTGAGCACGAGTCCCATGGCGCCGGATCGACGTTGCTAAGCGTCAGGCAGCCGCTCGATA	~~~~~~~~~~~~~~~~~~~~~~~~~~~~~~~~~~~~~~~~~~~~~~~~~~~~~~~~~~~~~~~~~~~~~~~~~~~~~~~~~~~~~~~~~
simulated-read-11	0	80	89	GTGCGAGGAGCTTCTGAATTCTGTGTGCTGTATGTCCGAGTCCCATGGCGCCGGATCGACGCGAGGTGGCGTCAGGCAGC	AGCATATCG		1	~~~~~~~~~~~~~~~~~~~~~~~~~~~~~~~~~~~~~~~~~~~~~~~~~~~~~~~~~~~~~~~~~~~~~~~~~~~~~~~~	~~~~~~~~~		
simulated-read-12	0	80	89	GCCGCTGGAGCTTCTGAATTCTGTGTGCTGTCCAATCGAGTCCCATGGCGCCGGATCGACGTGATTCTGCGTCAGGCAGC	AGCATATCG		1	~~~~~~~~~~~~~~~~~~~~~~~~~~~~~~~~~~~~~~~~~~~~~~~~~~~~~~~~~~~~~~~~~~~~~~~~~~~~~~~~	~~~~~~~~~		
simulated-read-13	0	80	89	CGTGCGGGAGCTTCTGAATTCTGTGTGCTGCACAAGCGAGTCCCATGGCGCCGGATCGACGTTCCACAGCGTCAGGCAGC	AGCATATCG		1	~~~~~~~~~~~~~~~~~~~~~~~~~~~~~~~~~~~~~~~~~~~~~~~~~~~~~~~~~~~~~~~~~~~~~~~~~~~~~~~~	~~~~~~~~~		
simulated-read-14	0	80	89	ACGTTGGGAGCTTCTGAATTCTGTGTGCTGGTAGTACGAGTCCCATGGCGCCGGATCGACGTACGTCAGCGTCAGGCAGC	AGCATATCG		1	~~~~~~~~~~~~~~~~~~~~~~~~~~~~~~~~~~~~~~~~~~~~~~~~~~~~~~~~~~~~~~~~~~~~~~~~~~~~~~~~	~~~~~~~~~		
simulated-read-15	-1	ATTAGAGGAGCTTCTGAATTCTGTGTGCTGTGCCGTCGAGTCCCATGGCGCCGGATCGACGACTTGCGGCGTCAGGCAGCCGCTCGATA	~~~~~~~~~~~~~~~~~~~~~~~~~~~~~~~~~~~~~~~~~~~~~~~~~~~~~~~~~~~~~~~~~~~~~~~~~~~~~~~~~~~~~~~~~
simulated-read-16	-1	TAATGTGGAGCTTCTGAATTCTGTGTGCTGGCAAGTCGAGTCCCATGGCGCCGGATCGACGACTAACAGCGTCAGGCAGCCGCTCGATA	~~~~~~~~~~~~~~~~~~~~~~~~~~~~~~~~~~~~~~~~~~~~~~~~~~~~~~~~~~~~~~~~~~~~~~~~~~~~~~~~~~~~~~~~~
simulated-read-17	0	80	89	ATTAGAGGAGCTTCTGAATTCTGTGTGCTGGCATAACGAGTCCCATGGCGCCGGATCGACGCGGATGGGCGTCAGGCAGC	AGCATATCG		1	~~~~~~~~~~~~~~~~~~~~~~~~~~~~~~~~~~~~~~~~~~~~~~~~~~~~~~~~~~~~~~~~~~~~~~~~~~~~~~~~	~~~~~~~~~		
simulated-read-18	-1	TGCGCGGGAGCTTCTGAATTCTGTGTGCTGAACACACGAGTCCCATGGCGCCGGATCGACGGTAACTCGCGTCAGGCAGCCGCTCGATA	~~~~~~~~~~~~~~~~~~~~~~~~~~~~~~~~~~~~~~~~~~~~~~~~~~~~~~~~~~~~~~~~~~~~~~~~~~~~~~~~~~~~~~~~~
simulated-read-19	-1	TGCCAGGGAGCTTCTGAATTCTGTGTGCTGTGGTTCCGAGTCCCATGGCGCCGGATCGACGTCCGTGTGCGTCAGGCAGCCGCTCGATA	~~~~~~~~~~~~~~~~~~~~~~~~~~~~~~~~~~~~~~~~~~~~~~~~~~~~~~~~~~~~~~~~~~~~~~~~~~~~~~~~~~~~~~~~~
simulated-read-20	-1	GTCATAGGAGCTTCTGAATTCTGTGTGCTGTCGATTCGAGTCCCATGGCGCCGGATCGACGGTACTGGGCGTCAGGCAGCCGCTCGATA	~~~~~~~~~~~~~~~~~~~~~~~~~~~~~~~~~~~~~~~~~~~~~~~~~~~~~~~~~~~~~~~~~~~~~~~~~~~~~~~~~~~~~~~~~
simulated-read-21	0	80	89	GCACATGGAGCTTCTGAATTCTGTGTGCTGTATCTTCGAGTCCCATGGCGCCGGATCGACGTAGTAGTGCGTCAGGCAGC	AGCATATCG		1	~~~~~~~~~~~~~~~~~~~~~~~~~~~~~~~~~~~~~~~~~~~~~~~~~~~~~~~~~~~~~~~~~~~~~~~~~~~~~~~~	~~~~~~~~~		
simulated-read-22	-1	ACACACGGAGCTTCTGAATTCTGTGTGCTGCGCGGACGAGTCCCATGGCGCCGGATCGACGGATGCGGGCGTCAGGCAGCCGCTCGATA	~~~~~~~~~~~~~~~~~~~~~~~~~~~~~~~~~~~~~~~~~~~~~~~~~~~~~~~~~~~~~~~~~~~~~~~~~~~~~~~~~~~~~~~~~
simulated-read-23	-1	GTCCTGGGAGCTTCTGAATTCTGTGTGCTGTTCGCGCGAGTCCCATGGCGCCGGATCGACGTGAGTATGCGTCAGGCAGCCGCTCGATA	~~~~~~~~~~~~~~~~~~~~~~~~~~~~~~~~~~~~~~~~~~~~~~~~~~~~~~~~~~~~~~~~~~~~~~~~~~~~~~~~~~~~~~~~~
simulated-read-24	-1	TGCAGCGGAGCTTCTGAATTCTGTGTGCTGGGCAAGCGAGTCCCATGGCGCCGGATCGACGCCAGTTGGCGTCAGGCAGCCGCTCGATA	~~~~~~~~~~~~~~~~~~~~~~~~~~~~~~~~~~~~~~~~~~~~~~~~~~~~~~~~~~~~~~~~~~~~~~~~~~~~~~~~~~~~~~~~~
simulated-read-25	0	80	89	GAGTGTGGAGCTTCTGAATTCTGTGTGCTGAATTAACGAGTCCCATGGCGCCGGATCGACGCTGTTAGGCGTCAGGCAGC	AGCATATCG		1	~~~~~~~~~~~~~~~~~~~~~~~~~~~~~~~~~~~~~~~~~~~~~~~~~~~~~~~~~~~~~~~~~~~~~~~~~~~~~~~~	~~~~~~~~~		
simulated-read-26	0	80	89	GACGTGGGAGCTTCTGAATTCTGTGTGCTGATAACGCGAGTCCCATGGCGCCGGATCGACGTAGGAACGCGTCAGGCAGC	AGCATATCG		1	~~~~~~~~~~~~~~~~~~~~~~~~~~~~~~~~~~~~~~~~~~~~~~~~~~~~~~~~~~~~~~~~~~~~~~~~~~~~~~~~	~~~~~~~~~		
simulated-read-27	0	80	89	GCCTCAGGAGCTTCTGAATTCTGTGTGCTGGATTCTCGAGTCCCATGGCGCCGGATCGACGCATTGTTGCGTCAGGCAGC	AGCATATCG		1	~~~~~~~~~~~~~~~~~~~~~~~~~~~~~~~~~~~~~~~~~~~~~~~~~~~~~~~~~~~~~~~~~~~~~~~~~~~~~~~~	~~~~~~~~~		
simulated-read-28	0	80	89	GTGATTGGAGCTTCTGAATTCTGTGTGCTGGCCTCGCGAGTCCCATGGCGCCGGATCGACGCGCTGTAGCGTCAGGCAGC	AGCATATCG		1	~~~~~~~~~~~~~~~~~~~~~~~~~~~~~~~~~~~~~~~~~~~~~~~~~~~~~~~~~~~~~~~~~~~~~~~~~~~~~~~~	~~~~~~~~~		
simulated-read-29	-1	CAGACTGGAGCTTCTGAATTCTGTGTGCTGAAGGTCCGAGTCCCATGGCGCCGGATCGACGTCTAGCTGCGTCAGGCAGCCGCTCGATA	~~~~~~~~~~~~~~~~~~~~~~~~~~~~~~~~~~~~~~~~~~~~~~~~~~~~~~~~~~~~~~~~~~~~~~~~~~~~~~~~~~~~~~~~~
simulated-read-30	0	80	89	GAAGATGGAGCTTCTGAATTCTGTGTGCTGCTTGCACGAGTCCCATGGCGCCGGATCGACGAGCTCTTGCGTCAGGCAGC	AGCATATCG		1	~~~~~~~~~~~~~~~~~~~~~~~~~~~~~~~~~~~~~~~~~~~~~~~~~~~~~~~~~~~~~~~~~~~~~~~~~~~~~~~~	~~~~~~~~~		
simulated-read-31	-1	CAGCAGGGAGCTTCTGAATTCTGTGTGCTGGCGCCACGAGTCCCATGGCGCCGGATCGACGCAATCGAGCGTCAGGCAGCCGCTCGATA	~~~~~~~~~~~~~~~~~~~~~~~~~~~~~~~~~~~~~~~~~~~~~~~~~~~~~~~~~~~~~~~~~~~~~~~~~~~~~~~~~~~~~~~~~
simulated-read-32	0	0	3		TCG	ATTGGAGCTTCTGAATTCTGTGTGCTGAAGAGACGAGTCCCATGGCGCCGGATCGACGGTGATGGGCGTCAGGCAGCCGCTCGATA	1		~~~	~~~~~~~~~~~~~~~~~~~~~~~~~~~~~~~~~~~~~~~~~~~~~~~~~~~~~~~~~~~~~~~~~~~~~~~~~~~~~~~~~~~~~~	
simulated-read-33	0	80	89	CTCCGCGGAGCTTCTGAATTCTGTGTGCTGGTAATGCGAGTCCCATGGCGCCGGATCGACGTCGTCTCGCGTCAGGCAGC	AGCATATCG		1	~~~~~~~~~~~~~~~~~~~~~~~~~~~~~~~~~~~~~~~~~~~~~~~~~~~~~~~~~~~~~~~~~~~~~~~~~~~~~~~~	~~~~~~~~~		
simulated-read-34	0	80	89	ATGAGGGGAGCTTCTGAATTCTGTGTGCTGGGTACGCGAGTCCCATGGCGCCGGATCGACGGTACGCAGCGTCAGGCAGC	AGCATATCG		1	~~~~~~~~~~~~~~~~~~~~~~~~~~~~~~~~~~~~~~~~~~~~~~~~~~~~~~~~~~~~~~~~~~~~~~~~~~~~~~~~	~~~~~~~~~		
simulated-read-35	-1	CAGACTGGAGCTTCTGAATTCTGTGTGCTGTATAGACGAGTCCCATGGCGCCGGATCGACGCCGAGGAGCGTCAGGCAGCCGCTCGATA	~~~~~~~~~~~~~~~~~~~~~~~~~~~~~~~~~~~~~~~~~~~~~~~~~~~~~~~~~~~~~~~~~~~~~~~~~~~~~~~~~~~~~~~~~
simulated-read-36	0	80	89	CGTATAGGAGCTTCTGAATTCTGTGTGCTGCATTACCGAGTCCCATGGCGCCGGATCGACGTCAAGTTGCGTCAGGCAGC	AGCATATCG		1	~~~~~~~~~~~~~~~~~~~~~~~~~~~~~~~~~~~~~~~~~~~~~~~~~~~~~~~~~~~~~~~~~~~~~~~~~~~~~~~~	~~~~~~~~~		
simulated-read-37	0	80	89	CGTATAGGAGCTTCTGAATTCTGTGTGCTGAATCAGCGAGTCCCATGGCGCCGGATCGACGTCATGACGCGTCAGGCAGC	AGCATATCG		1	~~~~~~~~~~~~~~~~~~~~~~~~~~~~~~~~~~~~~~~~~~~~~~~~~~~~~~~~~~~~~~~~~~~~~~~~~~~~~~~~	~~~~~~~~~		
simulated-read-38	-1	CCATAAGGAGCTTCTGAATTCTGTGTGCTGTTACAACGAGTCCCATGGCGCCGGATCGACGTGTTGCTGCGTCAGGCAGCCGCTCGATA	~~~~~~~~~~~~~~~~~~~~~~~~~~~~~~~~~~~~~~~~~~~~~~~~~~~~~~~~~~~~~~~~~~~~~~~~~~~~~~~~~~~~~~~~~
simulated-read-39	0	80	89	GAGAAGGGAGCTTCTGAATTCTGTGTGCTGGATGATCGAGTCCCATGGCGCCGGATCGACGACTGACGGCGTCAGGCAGC	AGCATATCG		1	~~~~~~~~~~~~~~~~~~~~~~~~~~~~~~~~~~~~~~~~~~~~~~~~~~~~~~~~~~~~~~~~~~~~~~~~~~~~~~~~	~~~~~~~~~		
simulated-read-40	-1	AATCAGGGAGCTTCTGAATTCTGTGTGCTGCTCAATCGAGTCCCATGGCGCCGGATCGACGTGGCAATGCGTCAGGCAGCCGCTCGATA	~~~~~~~~~~~~~~~~~~~~~~~~~~~~~~~~~~~~~~~~~~~~~~~~~~~~~~~~~~~~~~~~~~~~~~~~~~~~~~~~~~~~~~~~~
simulated-read-41	-1	TTAATAGGAGCTTCTGAATTCTGTGTGCTGAGCGGTCGAGTCCCATGGCGCCGGATCGACGTGTCGTTGCGTCAGGCAGCCGCTCGATA	~~~~~~~~~~~~~~~~~~~~~~~~~~~~~~~~~~~~~~~~~~~~~~~~~~~~~~~~~~~~~~~~~~~~~~~~~~~~~~~~~~~~~~~~~
simulated-read-42	-1	GAAGATGGAGCTTCTGAATTCTGTGTGCTGGAGTGTCGAGTCCCATGGCGCCGGATCGACGAGGATGCGCGTCAGGCAGCCGCTCGATA	~~~~~~~~~~~~~~~~~~~~~~~~~~~~~~~~~~~~~~~~~~~~~~~~~~~~~~~~~~~~~~~~~~~~~~~~~~~~~~~~~~~~~~~~~
simulated-read-43	0	80	89	ACACGGGGAGCTTCTGAATTCTGTGTGCTGGACGCACGAGTCCCATGGCGCCGGATCGACGGCCAAGAGCGTCAGGCAGC	AGCATATCG		1	~~~~~~~~~~~~~~~~~~~~~~~~~~~~~~~~~~~~~~~~~~~~~~~~~~~~~~~~~~~~~~~~~~~~~~~~~~~~~~~~	~~~~~~~~~		
simulated-read-44	-1	TCTGTAGGAGCTTCTGAATTCTGTGTGCTGAGTTCACGAGTCCCATGGCGCCGGATCGACGGATGAGCGCGTCAGGCAGCCGCTCGATA	~~~~~~~~~~~~~~~~~~~~~~~~~~~~~~~~~~~~~~~~~~~~~~~~~~~~~~~~~~~~~~~~~~~~~~~~~~~~~~~~~~~~~~~~~
simulated-read-45	-1	GAGAAGGGAGCTTCTGAATTCTGTGTGCTGAACTCGCGAGTCCCATGGCGCCGGATCGACGTAGACGAGCGTCAGGCAGCCGCTCGATA	~~~~~~~~~~~~~~~~~~~~~~~~~~~~~~~~~~~~~~~~~~~~~~~~~~~~~~~~~~~~~~~~~~~~~~~~~~~~~~~~~~~~~~~~~
simulated-read-46	-1	GCACATGGAGCTTCTGAATTCTGTGTGCTGTATTATCGAGTCCCATGGCGCCGGATCGACGAACCGATGCGTCAGGCAGCCGCTCGATA	~~~~~~~~~~~~~~~~~~~~~~~~~~~~~~~~~~~~~~~~~~~~~~~~~~~~~~~~~~~~~~~~~~~~~~~~~~~~~~~~~~~~~~~~~
simulated-read-47	-1	CTCGATGGAGCTTCTGAATTCTGTGTGCTGTCTGTTCGAGTCCCATGGCGCCGGATCGACGCGAGAGCGCGTCAGGCAGCCGCTCGATA	~~~~~~~~~~~~~~~~~~~~~~~~~~~~~~~~~~~~~~~~~~~~~~~~~~~~~~~~~~~~~~~~~~~~~~~~~~~~~~~~~~~~~~~~~
simulated-read-48	0	80	89	ACTGTGGGAGCTTCTGAATTCTGTGTGCTGCGCGAGCGAGTCCCATGGCGCCGGATCGACGTCTAATCGCGTCAGGCAGC	AGCATATCG		1	~~~~~~~~~~~~~~~~~~~~~~~~~~~~~~~~~~~~~~~~~~~~~~~~~~~~~~~~~~~~~~~~~~~~~~~~~~~~~~~~	~~~~~~~~~		
simulated-read-49	-1	TACTCAGGAGCTTCTGAATTCTGTGTGCTGATACCTCGAGTCCCATGGCGCCGGATCGACGCAACGTTGCGTCAGGCAGCCGCTCGATA	~~~~~~~~~~~~~~~~~~~~~~~~~~~~~~~~~~~~~~~~~~~~~~~~~~~~~~~~~~~~~~~~~~~~~~~~~~~~~~~~~~~~~~~~~
simulated-read-50	0	80	89	GTAACGGGAGCTTCTGAATTCTGTGTGCTGTTCGGCCGAGTCCCATGGCGCCGGATCGACGAACCGATGCGTCAGGCAGC	AGCATATCG		1	~~~~~~~~~~~~~~~~~~~~~~~~~~~~~~~~~~~~~~~~~~~~~~~~~~~~~~~~~~~~~~~~~~~~~~~~~~~~~~~~	~~~~~~~~~		
simulated-read-51	0	80	89	GCTCGCGGAGCTTCTGAATTCTGTGTGCTGAGCACGCGAGTCCCATGGCGCCGGATCGACGCGTGAAGGCGTCAGGCAGC	AGCATATCG		1	~~~~~~~~~~~~~~~~~~~~~~~~~~~~~~~~~~~~~~~~~~~~~~~~~~~~~~~~~~~~~~~~~~~~~~~~~~~~~~~~	~~~~~~~~~		
simulated-read-52	0	80	89	TAGATGGGAGCTTCTGAATTCTGTGTGCTGATTACACGAGTCCCATGGCGCCGGATCGACGAGCTCTTGCGTCAGGCAGC	AGCATATCG		1	~~~~~~~~~~~~~~~~~~~~~~~~~~~~~~~~~~~~~~~~~~~~~~~~~~~~~~~~~~~~~~~~~~~~~~~~~~~~~~~~	~~~~~~~~~		
simulated-read-53	-1	GCGCACGGAGCTTCTGAATTCTGTGTGCTGTTGTCTCGAGTCCCATGGCGCCGGATCGACGACTGCTCGCGTCAGGCAGCCGCTCGATA	~~~~~~~~~~~~~~~~~~~~~~~~~~~~~~~~~~~~~~~~~~~~~~~~~~~~~~~~~~~~~~~~~~~~~~~~~~~~~~~~~~~~~~~~~
simulated-read-54	0	80	89	GTGATTGGAGCTTCTGAATTCTGTGTGCTGAGCAGCCGAGTCCCATGGCGCCGGATCGACGCAACGAGGCGTCAGGCAGC	AGCATATCG		1	~~~~~~~~~~~~~~~~~~~~~~~~~~~~~~~~~~~~~~~~~~~~~~~~~~~~~~~~~~~~~~~~~~~~~~~~~~~~~~~~	~~~~~~~~~		
simulated-read-55	-1	CATCTAGGAGCTTCTGAATTCTGTGTGCTGGCAATACGAGTCCCATGGCGCCGGATCGACGATATTGAGCGTCAGGCAGCCGCTCGATA	~~~~~~~~~~~~~~~~~~~~~~~~~~~~~~~~~~~~~~~~~~~~~~~~~~~~~~~~~~~~~~~~~~~~~~~~~~~~~~~~~~~~~~~~~
simulated-read-56	-1	GTGCGAGGAGCTTCTGAATTCTGTGTGCTGGCAATACGAGTCCCATGGCGCCGGATCGACGTCTTCAGGCGTCAGGCAGCCGCTCGATA	~~~~~~~~~~~~~~~~~~~~~~~~~~~~~~~~~~~~~~~~~~~~~~~~~~~~~~~~~~~~~~~~~~~~~~~~~~~~~~~~~~~~~~~~~
simulated-read-57	-1	ATGTTAGGAGCTTCTGAATTCTGTGTGCTGGTCAGTCGAGTCCCATGGCGCCGGATCGACGTATGGAGGCGTCAGGCAGCCGCTCGATA	~~~~~~~~~~~~~~~~~~~~~~~~~~~~~~~~~~~~~~~~~~~~~~~~~~~~~~~~~~~~~~~~~~~~~~~~~~~~~~~~~~~~~~~~~
simulated-read-58	-1	ACGCGAGGAGCTTCTGAATTCTGTGTGCTGTTGATCCGAGTCCCATGGCGCCGGATCGACGCACGTGTGCGTCAGGCAGCCGCTCGATA	~~~~~~~~~~~~~~~~~~~~~~~~~~~~~~~~~~~~~~~~~~~~~~~~~~~~~~~~~~~~~~~~~~~~~~~~~~~~~~~~~~~~~~~~~
simulated-read-59	0	80	89	CTACAAGGAGCTTCTGAATTCTGTGTGCTGGAACACCGAGTCCCATGGCGCCGGATCGACGACCAGGCGCGTCAGGCAGC	AGCATATCG		1	~~~~~~~~~~~~~~~~~~~~~~~~~~~~~~~~~~~~~~~~~~~~~~~~~~~~~~~~~~~~~~~~~~~~~~~~~~~~~~~~	~~~~~~~~~		
simulated-read-60	-1	CTAAGTGGAGCTTCTGAATTCTGTGTGCTGGCGACCCGAGTCCCATGGCGCCGGATCGACGGCTCCTTGCGTCAGGCAGCCGCTCGATA	~~~~~~~~~~~~~~~~~~~~~~~~~~~~~~~~~~~~~~~~~~~~~~~~~~~~~~~~~~~~~~~~~~~~~~~~~~~~~~~~~~~~~~~~~
simulated-read-61	-1	TGGCGTGGAGCTTCTGAATTCTGTGTGCTGATCCGGCGAGTCCCATGGCGCCGGATCGACGGACCAGCGCGTCAGGCAGCCGCTCGATA	~~~~~~~~~~~~~~~~~~~~~~~~~~~~~~~~~~~~~~~~~~~~~~~~~~~~~~~~~~~~~~~~~~~~~~~~~~~~~~~~~~~~~~~~~
simulated-read-62	0	80	89	GTGAGAGGAGCTTCTGAATTCTGTGTGCTGAACACACGAGTCCCATGGCGCCGGATCGACGCGTGATTGCGTCAGGCAGC	AGCATATCG		1	~~~~~~~~~~~~~~~~~~~~~~~~~~~~~~~~~~~~~~~~~~~~~~~~~~~~~~~~~~~~~~~~~~~~~~~~~~~~~~~~	~~~~~~~~~		
simulated-read-63	0	80	89	TTGTGGGGAGCTTCTGAATTCTGTGTGCTGGCTAAGCGAGTCCCATGGCGCCGGATCGACGGCTACCAGCGTCAGGCAGC	AGCATATCG		1	~~~~~~~~~~~~~~~~~~~~~~~~~~~~~~~~~~~~~~~~~~~~~~~~~~~~~~~~~~~~~~~~~~~~~~~~~~~~~~~~	~~~~~~~~~		
simulated-read-64	0	80	89	GAGTGTGGAGCTTCTGAATTCTGTGTGCTGGGTACGCGAGTCCCATGGCGCCGGATCGACGTGAGATAGCGTCAGGCAGC	AGCATATCG		1	~~~~~~~~~~~~~~~~~~~~~~~~~~~~~~~~~~~~~~~~~~~~~~~~~~~~~~~~~~~~~~~~~~~~~~~~~~~~~~~~	~~~~~~~~~		
simulated-read-65	-1	CGTGCGGGAGCTTCTGAATTCTGTGTGCTGCCGAGCCGAGTCCCATGGCGCCGGATCGACGTTGTCTTGCGTCAGGCAGCCGCTCGATA	~~~~~~~~~~~~~~~~~~~~~~~~~~~~~~~~~~~~~~~~~~~~~~~~~~~~~~~~~~~~~~~~~~~~~~~~~~~~~~~~~~~~~~~~~
simulated-read-66	-1	TGCAGCGGAGCTTCTGAATTCTGTGTGCTGGTGCAGCGAGTCCCATGGCGCCGGATCGACGCCAGACTGCGTCAGGCAGCCGCTCGATA	~~~~~~~~~~~~~~~~~~~~~~~~~~~~~~~~~~~~~~~~~~~~~~~~~~~~~~~~~~~~~~~~~~~~~~~~~~~~~~~~~~~~~~~~~
simulated-read-67	-1	ACGCGAGGAGCTTCTGAATTCTGTGTGCTGCCTAACCGAGTCCCATGGCGCCGGATCGACGTACGCATGCGTCAGGCAGCCGCTCGATA	~~~~~~~~~~~~~~~~~~~~~~~~~~~~~~~~~~~~~~~~~~~~~~~~~~~~~~~~~~~~~~~~~~~~~~~~~~~~~~~~~~~~~~~~~
simulated-read-68	0	80	89	ACATGTGGAGCTTCTGAATTCTGTGTGCTGGCTCAACGAGTCCCATGGCGCCGGATCGACGTCGGTGCGCGTCAGGCAGC	AGCATATCG		1	~~~~~~~~~~~~~~~~~~~~~~~~~~~~~~~~~~~~~~~~~~~~~~~~~~~~~~~~~~~~~~~~~~~~~~~~~~~~~~~~	~~~~~~~~~		
simulated-read-69	-1	ACTGTGGGAGCTTCTGAATTCTGTGTGCTGACACCGCGAGTCCCATGGCGCCGGATCGACGCAACAACGCGTCAGGCAGCCGCTCGATA	~~~~~~~~~~~~~~~~~~~~~~~~~~~~~~~~~~~~~~~~~~~~~~~~~~~~~~~~~~~~~~~~~~~~~~~~~~~~~~~~~~~~~~~~~
simulated-read-70	0	80	89	GTCATAGGAGCTTCTGAATTCTGTGTGCTGGCTTCACGAGTCCCATGGCGCCGGATCGACGACAGGAAGCGTCAGGCAGC	AGCATATCG		1	~~~~~~~~~~~~~~~~~~~~~~~~~~~~~~~~~~~~~~~~~~~~~~~~~~~~~~~~~~~~~~~~~~~~~~~~~~~~~~~~	~~~~~~~~~		
simulated-read-71	-1	AATGGTGGAGCTTCTGAATTCTGTGTGCTGGAAGCCCGAGTCCCATGGCGCCGGATCGACGGATAAGTGCGTCAGGCAGCCGCTCGATA	~~~~~~~~~~~~~~~~~~~~~~~~~~~~~~~~~~~~~~~~~~~~~~~~~~~~~~~~~~~~~~~~~~~~~~~~~~~~~~~~~~~~~~~~~
simulated-read-72	-1	GCTCGCGGAGCTTCTGAATTCTGTGTGCTGCGGCTTCGAGTCCCATGGCGCCGGATCGACGTCAAGTTGCGTCAGGCAGCCGCTCGATA	~~~~~~~~~~~~~~~~~~~~~~~~~~~~~~~~~~~~~~~~~~~~~~~~~~~~~~~~~~~~~~~~~~~~~~~~~~~~~~~~~~~~~~~~~
simulated-read-73	-1	TATCACGGAGCTTCTGAATTCTGTGTGCTGTCCACGCGAGTCCCATGGCGCCGGATCGACGGTAGGAAGCGTCAGGCAGCCGCTCGATA	~~~~~~~~~~~~~~~~~~~~~~~~~~~~~~~~~~~~~~~~~~~~~~~~~~~~~~~~~~~~~~~~~~~~~~~~~~~~~~~~~~~~~~~~~
simulated-read-74	-1	GTTAGCGGAGCTTCTGAATTCTGTGTGCTGGGTGCCCGAGTCCCATGGCGCCGGATCGACGCGGTCCAGCGTCAGGCAGCCGCTCGATA	~~~~~~~~~~~~~~~~~~~~~~~~~~~~~~~~~~~~~~~~~~~~~~~~~~~~~~~~~~~~~~~~~~~~~~~~~~~~~~~~~~~~~~~~~
simulated-read-75	0	80	89	CAGCAGGGAGCTTCTGAATTCTGTGTGCTGCCGAGCCGAGTCCCATGGCGCCGGATCGACGTGGAAGCGCGTCAGGCAGC	AGCATATCG		1	~~~~~~~~~~~~~~~~~~~~~~~~~~~~~~~~~~~~~~~~~~~~~~~~~~~~~~~~~~~~~~~~~~~~~~~~~~~~~~~~	~~~~~~~~~		
simulated-read-76	-1	CGTATAGGAGCTTCTGAATTCTGTGTGCTGACACCGCGAGTCCCATGGCGCCGGATCGACGCCTCAATGCGTCAGGCAGCCGCTCGATA	~~~~~~~~~~~~~~~~~~~~~~~~~~~~~~~~~~~~~~~~~~~~~~~~~~~~~~~~~~~~~~~~~~~~~~~~~~~~~~~~~~~~~~~~~
simulated-read-77	0	80	89	TCTACTGGAGCTTCTGAATTCTGTGTGCTGTACCATCGAGTCCCATGGCGCCGGATCGACGGTACGCAGCGTCAGGCAGC	AGCATATCG		1	~~~~~~~~~~~~~~~~~~~~~~~~~~~~~~~~~~~~~~~~~~~~~~~~~~~~~~~~~~~~~~~~~~~~~~~~~~~~~~~~	~~~~~~~~~		
simulated-read-78	0	80	89	ATGTTAGGAGCTTCTGAATTCTGTGTGCTGATATTGCGAGTCCCATGGCGCCGGATCGACGTAGGTGGGCGTCAGGCAGC	AGCATATCG		1	~~~~~~~~~~~~~~~~~~~~~~~~~~~~~~~~~~~~~~~~~~~~~~~~~~~~~~~~~~~~~~~~~~~~~~~~~~~~~~~~	~~~~~~~~~		
simulated-read-79	0	80	89	GTAACGGGAGCTTCTGAATTCTGTGTGCTGTCACATCGAGTCCCATGGCGCCGGATCGACGCGGATTAGCGTCAGGCAGC	AGCATATCG		1	~~~~~~~~~~~~~~~~~~~~~~~~~~~~~~~~~~~~~~~~~~~~~~~~~~~~~~~~~~~~~~~~~~~~~~~~~~~~~~~~	~~~~~~~~~		
simulated-read-80	0	80	89	GTGCGAGGAGCTTCTGAATTCTGTGTGCTGCATGGACGAGTCCCATGGCGCCGGATCGACGCCTCAATGCGTCAGGCAGC	AGCATATCG		1	~~~~~~~~~~~~~~~~~~~~~~~~~~~~~~~~~~~~~~~~~~~~~~~~~~~~~~~~~~~~~~~~~~~~~~~~~~~~~~~~	~~~~~~~~~		
simulated-read-81	-1	TGAACGGGAGCTTCTGAATTCTGTGTGCTGAGGTACCGAGTCCCATGGCGCCGGATCGACGAGCATCTGCGTCAGGCAGCCGCTCGATA	~~~~~~~~~~~~~~~~~~~~~~~~~~~~~~~~~~~~~~~~~~~~~~~~~~~~~~~~~~~~~~~~~~~~~~~~~~~~~~~~~~~~~~~~~
simulated-read-82	0	80	89	GCACGAGGAGCTTCTGAATTCTGTGTGCTGCTTCTTCGAGTCCCATGGCGCCGGATCGACGATGTAGCGCGTCAGGCAGC	AGCATATCG		1	~~~~~~~~~~~~~~~~~~~~~~~~~~~~~~~~~~~~~~~~~~~~~~~~~~~~~~~~~~~~~~~~~~~~~~~~~~~~~~~~	~~~~~~~~~		
simulated-read-83	0	80	89	CGTATAGGAGCTTCTGAATTCTGTGTGCTGTGATCCCGAGTCCCATGGCGCCGGATCGACGAATTCCGGCGTCAGGCAGC	AGCATATCG		1	~~~~~~~~~~~~~~~~~~~~~~~~~~~~~~~~~~~~~~~~~~~~~~~~~~~~~~~~~~~~~~~~~~~~~~~~~~~~~~~~	~~~~~~~~~		
simulated-read-84	0	80	89	GAGAAGGGAGCTTCTGAATTCTGTGTGCTGACGACGCGAGTCCCATGGCGCCGGATCGACGGTGCCGAGCGTCAGGCAGC	AGCATATCG		1	~~~~~~~~~~~~~~~~~~~~~~~~~~~~~~~~~~~~~~~~~~~~~~~~~~~~~~~~~~~~~~~~~~~~~~~~~~~~~~~~	~~~~~~~~~		
simulated-read-85	-1	GCACGAGGAGCTTCTGAATTCTGTGTGCTGAGGTGACGAGTCCCATGGCGCCGGATCGACGGATCGGCGCGTCAGGCAGCCGCTCGATA	~~~~~~~~~~~~~~~~~~~~~~~~~~~~~~~~~~~~~~~~~~~~~~~~~~~~~~~~~~~~~~~~~~~~~~~~~~~~~~~~~~~~~~~~~
simulated-read-86	0	0	3		TCG	TCAGGAGCTTCTGAATTCTGTGTGCTGCACTCACGAGTCCCATGGCGCCGGATCGACGTAGGTCTGCGTCAGGCAGCCGCTCGATA	1		~~~	~~~~~~~~~~~~~~~~~~~~~~~~~~~~~~~~~~~~~~~~~~~~~~~~~~~~~~~~~~~~~~~~~~~~~~~~~~~~~~~~~~~~~~	
simulated-read-87	-1	CCAATCGGAGCTTCTGAATTCTGTGTGCTGGGTGTACGAGTCCCATGGCGCCGGATCGACGGTACGCAGCGTCAGGCAGCCGCTCGATA	~~~~~~~~~~~~~~~~~~~~~~~~~~~~~~~~~~~~~~~~~~~~~~~~~~~~~~~~~~~~~~~~~~~~~~~~~~~~~~~~~~~~~~~~~
simulated-read-88	0	80	89	TGGCGTGGAGCTTCTGAATTCTGTGTGCTGCCTCCTCGAGTCCCATGGCGCCGGATCGACGGTTACCTGCGTCAGGCAGC	AGCATATCG		1	~~~~~~~~~~~~~~~~~~~~~~~~~~~~~~~~~~~~~~~~~~~~~~~~~~~~~~~~~~~~~~~~~~~~~~~~~~~~~~~~	~~~~~~~~~		
simulated-read-89	0	80	89	CTCGATGGAGCTTCTGAATTCTGTGTGCTGGATTCTCGAGTCCCATGGCGCCGGATCGACGAGATATTGCGTCAGGCAGC	AGCATATCG		1	~~~~~~~~~~~~~~~~~~~~~~~~~~~~~~~~~~~~~~~~~~~~~~~~~~~~~~~~~~~~~~~~~~~~~~~~~~~~~~~~	~~~~~~~~~		
simulated-read-90	0	80	89	ACGTTGGGAGCTTCTGAATTCTGTGTGCTGTAACTCCGAGTCCCATGGCGCCGGATCGACGACCACTCGCGTCAGGCAGC	AGCATATCG		1	~~~~~~~~~~~~~~~~~~~~~~~~~~~~~~~~~~~~~~~~~~~~~~~~~~~~~~~~~~~~~~~~~~~~~~~~~~~~~~~~	~~~~~~~~~		
simulated-read-91	-1	TGAGGCGGAGCTTCTGAATTCTGTGTGCTGCCAAGACGAGTCCCATGGCGCCGGATCGACGCATAGAGGCGTCAGGCAGCCGCTCGATA	~~~~~~~~~~~~~~~~~~~~~~~~~~~~~~~~~~~~~~~~~~~~~~~~~~~~~~~~~~~~~~~~~~~~~~~~~~~~~~~~~~~~~~~~~
simulated-read-92	-1	GCCTCAGGAGCTTCTGAATTCTGTGTGCTGGCGTCTCGAGTCCCATGGCGCCGGATCGACGAATTCCGGCGTCAGGCAGCCGCTCGATA	~~~~~~~~~~~~~~~~~~~~~~~~~~~~~~~~~~~~~~~~~~~~~~~~~~~~~~~~~~~~~~~~~~~~~~~~~~~~~~~~~~~~~~~~~
simulated-read-93	-1	TTGCTTGGAGCTTCTGAATTCTGTGTGCTGATGGTACGAGTCCCATGGCGCCGGATCGACGCGTTCAGGCGTCAGGCAGCCGCTCGATA	~~~~~~~~~~~~~~~~~~~~~~~~~~~~~~~~~~~~~~~~~~~~~~~~~~~~~~~~~~~~~~~~~~~~~~~~~~~~~~~~~~~~~~~~~
simulated-read-94	0	80	89	CGTATAGGAGCTTCTGAATTCTGTGTGCTGTCACGCCGAGTCCCATGGCGCCGGATCGACGGATAACGGCGTCAGGCAGC	AGCATATCG		1	~~~~~~~~~~~~~~~~~~~~~~~~~~~~~~~~~~~~~~~~~~~~~~~~~~~~~~~~~~~~~~~~~~~~~~~~~~~~~~~~	~~~~~~~~~		
simulated-read-95	0	80	89	CTGTACGGAGCTTCTGAATTCTGTGTGCTGAGAGCGCGAGTCCCATGGCGCCGGATCGACGTAACGATGCGTCAGGCAGC	AGCATATCG		1	~~~~~~~~~~~~~~~~~~~~~~~~~~~~~~~~~~~~~~~~~~~~~~~~~~~~~~~~~~~~~~~~~~~~~~~~~~~~~~~~	~~~~~~~~~		
simulated-read-96	-1	ACGCGAGGAGCTTCTGAATTCTGTGTGCTGTGTCACCGAGTCCCATGGCGCCGGATCGACGGTCGAGCGCGTCAGGCAGCCGCTCGATA	~~~~~~~~~~~~~~~~~~~~~~~~~~~~~~~~~~~~~~~~~~~~~~~~~~~~~~~~~~~~~~~~~~~~~~~~~~~~~~~~~~~~~~~~~
simulated-read-97	0	80	89	CTCCTAGGAGCTTCTGAATTCTGTGTGCTGTCGTATCGAGTCCCATGGCGCCGGATCGACGCTTAAGCGCGTCAGGCAGC	AGCATATCG		1	~~~~~~~~~~~~~~~~~~~~~~~~~~~~~~~~~~~~~~~~~~~~~~~~~~~~~~~~~~~~~~~~~~~~~~~~~~~~~~~~	~~~~~~~~~		
simulated-read-98	0	80	89	GCACATGGAGCTTCTGAATTCTGTGTGCTGTGGAACCGAGTCCCATGGCGCCGGATCGACGAATTCCGGCGTCAGGCAGC	AGCATATCG		1	~~~~~~~~~~~~~~~~~~~~~~~~~~~~~~~~~~~~~~~~~~~~~~~~~~~~~~~~~~~~~~~~~~~~~~~~~~~~~~~~	~~~~~~~~~		
simulated-read-99	-1	GCGCACGGAGCTTCTGAATTCTGTGTGCTGGCAGCACGAGTCCCATGGCGCCGGATCGACGTGTATGTGCGTCAGGCAGCCGCTCGATA	~~~~~~~~~~~~~~~~~~~~~~~~~~~~~~~~~~~~~~~~~~~~~~~~~~~~~~~~~~~~~~~~~~~~~~~~~~~~~~~~~~~~~~~~~
